﻿<?xml version="1.0" encoding="utf-8" ?>
<RecipeDefs>

  <RecipeDef Name="Dissolve">
    <defName>Dissolve</defName>
    <label>dissolve item</label>
    <description>Dissolve anything in acid to completely destroy it.</description>
    <jobString>Dissolving item in acid.</jobString>
    <workAmount>300</workAmount>
    <requiredGiverWorkType>Hauling</requiredGiverWorkType>
    <effectWorking>Cremate</effectWorking>
    <soundWorking>Dissolve</soundWorking>
    <ingredients>
      <li>
        <filter>
          <categories>
            <li>Corpses</li>
            <li>Manufactured</li>
            <li>ResourcesRaw</li>
            <li>Items</li>
            <li>Chunks</li>
            <li>Drugs</li>
            <li>Weapons</li>
            <li>Apparel</li>
          </categories>
        </filter>
        <count>1</count>
      </li>
    </ingredients>
    <fixedIngredientFilter>
      <categories>
        <li>Corpses</li>
        <li>Manufactured</li>
        <li>ResourcesRaw</li>
        <li>Items</li>
        <li>Chunks</li>
        <li>Drugs</li>
        <li>Weapons</li>
        <li>Apparel</li>
      </categories>
    </fixedIngredientFilter>
    <defaultIngredientFilter>
      <thingDefs>
      </thingDefs>
      <specialFiltersToAllow>
        <li>AllowCorpsesColonist</li>
        <li>AllowCorpsesStranger</li>
      </specialFiltersToAllow>
    </defaultIngredientFilter>
  </RecipeDef>


  <RecipeDef Name="BulkDissolve">
    <defName>BulkDissolve</defName>
    <label>bulk dissolve items</label>
    <description>Dissolve 20 items in acid at once to completely destroy them.</description>
    <jobString>Dissolving items in acid.</jobString>
    <workAmount>400</workAmount>
    <requiredGiverWorkType>Hauling</requiredGiverWorkType>
    <effectWorking>Cremate</effectWorking>
    <soundWorking>Dissolve</soundWorking>
    <ingredients>
      <li>
        <filter>
          <categories>
            <li>Corpses</li>
            <li>Manufactured</li>
            <li>ResourcesRaw</li>
            <li>Items</li>
            <li>Chunks</li>
            <li>Drugs</li>
            <li>Weapons</li>
            <li>Apparel</li>
          </categories>
        </filter>
        <count>20</count>
      </li>
    </ingredients>
    <fixedIngredientFilter>
      <categories>
        <li>Corpses</li>
        <li>Manufactured</li>
        <li>ResourcesRaw</li>
        <li>Items</li>
        <li>Chunks</li>
        <li>Drugs</li>
        <li>Weapons</li>
        <li>Apparel</li>
      </categories>
    </fixedIngredientFilter>
    <defaultIngredientFilter>
      <thingDefs>
      </thingDefs>
      <specialFiltersToAllow>
        <li>AllowCorpsesColonist</li>
        <li>AllowCorpsesStranger</li>
      </specialFiltersToAllow>
    </defaultIngredientFilter>
  </RecipeDef>

</RecipeDefs>